Symbol,Name,LastSale,MarketCap,ADR TSO,IPOyear,Sector,Industry
XXII,"22nd Century Group, Inc",1.89,235574500.77,,,Consumer Non-Durables,Farming/Seeds/Milling
FAX,Aberdeen Asia-Pacific Income Fund Inc,4.14,1042993611.36,,1986.0,,
IAF,Aberdeen Australia Equity Fund Inc,5.45,123945676.7,,,,
AEF,"Aberdeen Emerging Markets Equity Income Fund, Inc.",7.5801,453154667.6349,,,,
FCO,"Aberdeen Global Income Fund, Inc.",8.16,71194278.24,,1992.0,,
ACU,Acme United Corporation.,17.99,60281485.67,,1988.0,Capital Goods,Industrial Machinery/Components
ATNM,"Actinium Pharmaceuticals, Inc.",0.5624,67002106.6464,,,Health Care,Major Pharmaceuticals
AE,"Adams Resources & Energy, Inc.",37.0,156051052.0,,,Energy,Oil Refining/Marketing
ACY,AeroCentury Corp.,11.58,17901336.72,,,Technology,Diversified Commercial Services
UAVS,"AgEagle Aerial Systems, Inc.",0.391,5623660.333,,,Capital Goods,Aerospace
AGE,"AgeX Therapeutics, Inc.",4.76,179118800.0,,2018.0,Health Care,Major Pharmaceuticals
AIRI,Air Industries Group,1.13,32380796.36,,,Capital Goods,Military/Government/Technical
AXU,Alexco Resource Corp,1.1,119511740.7,,,Basic Industries,Precious Metals
ALO,Alio Gold Inc.,0.7882,66766170.1126,,2011.0,Basic Industries,Precious Metals
AAU,"Almaden Minerals, Ltd.",0.575,64242863.425,,2015.0,Basic Industries,Precious Metals
APT,"Alpha Pro Tech, Ltd.",3.55,47981856.8,,,Health Care,Industrial Specialties
AAMC,Altisource Asset Management Corp,29.9,47381573.2,,,Finance,Real Estate
AMBO,Ambow Education Holding Ltd.,6.0275,130028490.8775,,,Consumer Services,Other Consumer Services
DIT,AMCON Distributing Company,89.57,55291113.15,,,Consumer Non-Durables,Food Distributors
AMS,American Shared Hospital Services,2.68,15313520.0,,,Health Care,Medical Specialities
USAS,Americas Silver Corporation,1.74,122225010.66,,2017.0,Basic Industries,Precious Metals
AMPE,"Ampio Pharmaceuticals, Inc.",0.5159,57330872.2602,,,Health Care,Major Pharmaceuticals
APHB,AmpliPhi Biosciences Corporation,0.29,9504660.1,,,Health Care,Biotechnology: Biological Products (No Diagnostic Substances)
ARNC^,Arconic Inc.,87.03299999999999,0.0,,,,
AKG,Asanko Gold Inc.,0.6509,146976223.2526,,,Basic Industries,Mining & Quarrying of Nonmetallic Minerals (No Fuels)
AINC,Ashford Inc.,56.5,139524320.5,,2014.0,Consumer Services,Professional Services
AUG,Auryn Resources Inc.,1.65,155936865.15,,,Basic Industries,Precious Metals
AWX,Avalon Holdings Corporation,2.38,9223525.78,,,Public Utilities,Environmental Services
ASM,Avino Silver,0.5876,37708030.1208,,,Basic Industries,Precious Metals
BTG,B2Gold Corp,2.75,2763057415.25,,,Basic Industries,Precious Metals
BTN,"Ballantyne Strong, Inc",2.0,28984180.0,,,Miscellaneous,Industrial Machinery/Components
BKJ,"Bancorp of New Jersey, Inc",13.36,97439369.76,,,Finance,Major Banks
BCV,Bancroft Fund Limited,21.3,111936931.5,,,,
BCV^A,Bancroft Fund Limited,25.42,0.0,,,,
BHB,"Bar Harbor Bankshares, Inc.",26.92,417896065.76,,,Finance,Major Banks
BRN,"Barnwell Industries, Inc.",1.33,11008622.8,,,Energy,Oil & Gas Production
BGSF,BG Staffing Inc,22.08,225867139.2,,,Technology,Professional Services
BIOX,Bioceres Crop Solutions Corp.,4.8,173378481.6,,2018.0,Basic Industries,Agricultural Chemicals
BIOX.WS,Bioceres Crop Solutions Corp.,,0.0,,,,
BPMX,BioPharmX Corporation,0.0912,19914155.0256,,2015.0,Health Care,Major Pharmaceuticals
BTX,"BioTime, Inc.",1.33,198650031.58,,,Health Care,Biotechnology: Biological Products (No Diagnostic Substances)
BGI,Birks Group Inc.,1.0553,18954117.7193,,,Consumer Services,Consumer Specialties
BKTI,BK Technologies Corporation,4.1,52292605.4,,,Technology,Radio And Television Broadcasting And Communications Equipment
BDR,"Blonder Tongue Laboratories, Inc.",1.03,9883071.45,,,Technology,Radio And Television Broadcasting And Communications Equipment
BRG,"Bluerock Residential Growth REIT, Inc.",11.07,256156722.54,,2014.0,Consumer Services,Real Estate Investment Trusts
BRG^A,"Bluerock Residential Growth REIT, Inc.",26.25,0.0,,,,
BRG^C,"Bluerock Residential Growth REIT, Inc.",25.17,0.0,,,,
BRG^D,"Bluerock Residential Growth REIT, Inc.",24.3516,0.0,,,,
BWL.A,"Bowl America, Inc.",,0.0,,,,
CMCL,Caledonia Mining Corporation Plc,6.0,64499424.0,,,Basic Industries,Precious Metals
CEI,"Camber Energy, Inc.",0.4053,5112124.6911,,,Energy,Oil & Gas Production
CANF,Can-Fite Biopharma Ltd,0.58,13013889.78,,,Health Care,Major Pharmaceuticals
ROX,"Castle Brands, Inc.",0.6941,117318514.4736,,2006.0,Consumer Non-Durables,Beverages (Production/Distribution)
CAW,"CCA Industries, Inc.",1.39,10364790.76,,,Consumer Non-Durables,Package Goods/Cosmetics
CVM,Cel-Sci Corporation,5.88,175045888.92,,,Health Care,Biotechnology: Biological Products (No Diagnostic Substances)
CET,Central Securities Corporation,29.14,742978121.58,,,,
LEU,Centrus Energy Corp.,3.22,25860808.54,,2014.0,Basic Industries,Mining & Quarrying of Nonmetallic Minerals (No Fuels)
CHAC,Chardan Healthcare Acquisition Corp.,9.7958,0.0,,2019.0,Finance,Business Services
CHAC.U,Chardan Healthcare Acquisition Corp.,,0.0,,2018.0,,
CHAC.WS,Chardan Healthcare Acquisition Corp.,,0.0,,,,
CCF,Chase Corporation,91.99,865839592.77,,,Consumer Durables,Building Products
CQP,"Cheniere Energy Partners, LP",42.34,20492946267.82,,2007.0,Public Utilities,Oil/Gas Transmission
LNG,"Cheniere Energy, Inc.",67.05,17259724227.15,,,Public Utilities,Oil/Gas Transmission
CVR,Chicago Rivet & Machine Co.,28.4642,27500174.4744,,,Technology,Industrial Machinery/Components
CPHI,"China Pharma Holdings, Inc.",0.4088,17815322.9016,,,Health Care,Major Pharmaceuticals
CKX,"CKX Lands, Inc.",10.2202,19852687.399,,,Energy,Oil & Gas Production
GLV,Clough Global Dividend and Income Fund,11.2,78472094.4,,2004.0,,
GLQ,Clough Global Equity Fund,12.88,142010900.08,,2005.0,,
GLO,Clough Global Opportunities Fund,9.76,314510261.12,,2006.0,,
COHN,Cohen & Company Inc.,6.25,7618275.0,,,Finance,Investment Bankers/Brokers/Service
CIX,CompX International Inc.,15.21,189144821.97,,1998.0,Capital Goods,Industrial Machinery/Components
LODE,"Comstock Mining, Inc.",0.235,18985714.155,,,Basic Industries,Precious Metals
CDOR,"Condor Hospitality Trust, Inc.",9.54,113602615.74,,,Consumer Services,Real Estate Investment Trusts
CTO,Consolidated-Tomoka Land Co.,57.33,310114882.35,,,Finance,Real Estate
MCF,Contango Oil & Gas Company,3.3,113737734.0,,,Energy,Oil & Gas Production
CUO,Continental Materials Corporation,18.6,31252147.8,,,Capital Goods,Building Materials
CMT,Core Molding Technologies Inc,7.6,61904781.6,,,Consumer Non-Durables,Plastic Products
CVRS,"Corindus Vascular Robotics, Inc.",2.1,433069660.8,,2015.0,Health Care,Medical/Dental Instruments
CRMD,CorMedix Inc.,9.67,208005887.11,,,Health Care,Major Pharmaceuticals
CRF,"Cornerstone Strategic Return Fund, Inc. (The)",12.14,465736058.54,,,,
CLM,"Cornerstone Strategic Value Fund, Inc.",12.435,902575611.105,,1987.0,,
CVU,"CPI Aerostructures, Inc.",6.58,77211865.08,,,Capital Goods,Military/Government/Technical
CIK,"Credit Suisse Asset Management Income Fund, Inc.",3.125,163452903.125,,,,
DHY,Credit Suisse High Yield Bond Fund,2.5,258657765.0,,1998.0,,
CRHM,CRH Medical Corporation,2.81,201511529.28,,2015.0,Health Care,Medical/Nursing Services
CTEK,"CynergisTek, Inc.",4.91,47735280.23,,2017.0,Miscellaneous,Business Services
DXR,Daxor Corporation,10.2,38217951.6,,,Health Care,Medical/Dental Instruments
VCF,"Delaware Investments Colorado Municipal Income Fund, Inc",14.65,70863515.0,,1993.0,,
VFL,Delaware Investments Florida Insured Municipal Income Fund,12.78,57873501.54,,1993.0,,
VMM,"Delaware Investments Minnesota Municipal Income Fund II, Inc.",12.6,144962685.0,,1993.0,,
DLA,"Delta Apparel, Inc.",23.03,159952953.51,,,Consumer Non-Durables,Apparel
DNN,Denison Mine Corp,0.574,338159993.19200003,,,Basic Industries,Precious Metals
DGSE,"DGSE Companies, Inc.",0.4168,11222082.0008,,,Consumer Services,Consumer Specialties
DSS,"Document Security Systems, Inc.",1.22,21963319.62,,,Consumer Durables,Containers/Packaging
DPW,"DPW Holdings, Inc.",0.3162,3243932.163,,,Capital Goods,Industrial Machinery/Components
DMF,"Dreyfus Municipal Income, Inc.",8.44,175098611.64,,1988.0,,
DXF,Dunxin Financial Holdings Limited,2.99,62291665.67,,,Finance,Finance: Consumer Services
GRF,"Eagle Capital Growth Fund, Inc.",7.6949,28685748.4559,,,,
EVM,Eaton Vance California Municipal Bond Fund,10.69,228705580.12,,2002.0,,
CEV,Eaton Vance California Municipal Income Trust,12.18,86886943.5,,1999.0,,
EVV,Eaton Vance Limited Duration Income Fund,12.52,1454160665.36,,2003.0,,
EIM,Eaton Vance Municipal Bond Fund,12.32,839832840.0,,2002.0,,
ENX,Eaton Vance New York Municipal Bond Fund,11.85,185592093.0,,2002.0,,
EVY,Eaton Vance New York Municipal Income Trust,12.39,67844554.89,,1999.0,,
ELMD,"Electromed, Inc.",5.41,45358435.44,,2011.0,Health Care,Biotechnology: Electromedical & Electrotherapeutic Apparatus
ELLO,Ellomay Capital Ltd.,9.05,96645800.7,,,Public Utilities,Electric Utilities: Central
ECF,Ellsworth Growth and Income Fund Ltd.,9.73,11676000.0,,1986.0,,
ECF^A,Ellsworth Growth and Income Fund Ltd.,24.93,0.0,,,,
EMAN,eMagin Corporation,0.6022,27117868.1304,,,Technology,Semiconductors
MSN,Emerson Radio Corporation,1.25,26303315.0,,,Consumer Non-Durables,Consumer Electronics/Appliances
EMX,EMX Royalty Corporation,1.14,92340176.7,,,Basic Industries,Precious Metals
UUUU,Energy Fuels Inc,3.59,328503865.45,,,Basic Industries,Mining & Quarrying of Nonmetallic Minerals (No Fuels)
UUUU.WS,Energy Fuels Inc,,0.0,,,,
ENSV,ENSERVCO Corporation,0.4626,25151482.8954,,,Energy,Oilfield Services/Equipment
EGI,Entree Resources Ltd.,0.3605,63041157.3645,,2017.0,Basic Industries,Precious Metals
ESP,Espey Mfg. & Electronics Corp.,24.76,59402285.48,,,Capital Goods,Industrial Machinery/Components
EVBN,"Evans Bancorp, Inc.",36.8,178798172.8,,,Finance,Major Banks
EVI,"EVI Industries, Inc.",39.47,453652865.64,,,Consumer Services,Other Consumer Services
EPM,"Evolution Petroleum Corporation, Inc.",6.93,229983588.45,,,Energy,Oil & Gas Production
FEN,First Trust Energy Income and Growth Fund,22.38,447250334.88,,2004.0,,
BDL,"Flanigan&#39;s Enterprises, Inc.",23.6515,43959789.5205,,,Consumer Services,Restaurants
FSI,Flexible Solutions International Inc.,2.48,29044909.36,,,Basic Industries,Major Chemicals
FTF,Franklin Limited Duration Income Trust,9.72,292949476.2,,2003.0,,
FSP,Franklin Street Properties Corp.,7.66,821390647.3,,,Consumer Services,Real Estate Investment Trusts
FRD,Friedman Industries Inc.,7.77,54463379.88,,,Capital Goods,Steel/Iron Ore
FTNW,"FTE Networks, Inc.",1.52,37361881.2,,,Public Utilities,Telecommunications Equipment
GGN,"GAMCO Global Gold, Natural Reources & Income Trust ",4.44,604832268.96,,2005.0,,
GGN^B,"GAMCO Global Gold, Natural Reources & Income Trust ",23.340999999999998,0.0,,,,
JOB,GEE Group Inc.,1.3411,15718988.8437,,,Technology,Diversified Commercial Services
GMO,"General Moly, Inc",0.22,30255749.04,,,Basic Industries,Precious Metals
GSB,"GlobalSCAPE, Inc.",7.12,122375106.8,,,Technology,Computer Software: Prepackaged Software
GSAT,"Globalstar, Inc.",0.415,600931341.12,,2006.0,Consumer Services,Telecommunications Equipment
GLOW,"Glowpoint, Inc.",0.14800000000000002,7460063.136,,,Public Utilities,Telecommunications Equipment
GORO,Gold Resource Corporation,4.0,245609460.0,,,Basic Industries,Precious Metals
GSV,Gold Standard Ventures Corporation,1.11,288536603.46,,,Basic Industries,Mining & Quarrying of Nonmetallic Minerals (No Fuels)
AUMN,Golden Minerals Company,0.29100000000000004,28052214.051,,,Basic Industries,Precious Metals
GSS,"Golden Star Resources, Ltd",4.48,487509160.32,,,Basic Industries,Precious Metals
GV,Goldfield Corporation (The),2.31,56647053.54,,,Basic Industries,Water Supply
GDP,Goodrich Petroleum Corporation,14.75,179231940.5,,2017.0,Energy,Oil & Gas Production
GTE,Gran Tierra Energy Inc.,2.56,989018897.92,,,Energy,Oil & Gas Production
GPL,Great Panther Mining Limited,0.9184,251228978.4928,,,Basic Industries,Precious Metals
SIM,"Grupo Simec, S.A. de C.V.",9.3351,1521832917.3819,,1993.0,Basic Industries,Steel/Iron Ore
HEB,"Hemispherx BioPharma, Inc.",0.1735,10807370.173,,,Health Care,Biotechnology: Biological Products (No Diagnostic Substances)
HEXO,HEXO Corp.,6.46,1359417884.3,,,Consumer Durables,Specialty Chemicals
HLM^,Hillman Group Capital Trust,33.6367,0.0,,,,
HMG,"HMG/Courtland Properties, Inc.",14.25,14439411.0,,,Consumer Services,Real Estate Investment Trusts
HUSA,Houston American Energy Corporation,0.24600000000000002,15306803.142,,,Energy,Oil & Gas Production
IBIO,"iBio, Inc.",0.8198,15606362.0816,,,Health Care,Major Pharmaceuticals
IBO,IBO (Listing Market - NYSE Amex Network B F),24.84,0.0,,,,
IEC,IEC Electronics Corp.,6.84,70172681.76,,,Technology,Electrical Products
IMH,"Impac Mortgage Holdings, Inc.",4.34,91909599.18,,1997.0,Consumer Services,Real Estate Investment Trusts
IMO,Imperial Oil Limited,28.98,22576132299.42,,,Energy,Integrated oil Companies
IOR,"Income Opportunity Realty Investors, Inc.",11.33,47225864.62,,,Consumer Services,Real Estate Investment Trusts
IGC,India Globalization Capital Inc.,2.0,79173644.0,,,Consumer Non-Durables,Electronic Components
INFU,"InfuSystems Holdings, Inc.",4.73,92599323.52,,,Health Care,Medical/Dental Instruments
IHT,InnSuites Hospitality Trust,1.6,15317080.0,,,Consumer Services,Real Estate Investment Trusts
NSPR,InspireMD Inc.,4.58,6223436.82,,,Health Care,Medical/Dental Instruments
NSPR.WS,InspireMD Inc.,,0.0,,,,
NSPR.WS.B,InspireMD Inc.,,0.0,,,,
IDN,"Intellicheck, Inc.",3.6,56299554.0,,1999.0,Technology,Computer Software: Prepackaged Software
INS,Intelligent Systems Corporation,34.35,304031437.8,,1992.0,Technology,Computer Software: Prepackaged Software
THM,International Tower Hill Mines Ltd,0.5019,93911441.0283,,,Basic Industries,Precious Metals
INTT,inTest Corporation,6.7,70820728.6,,1997.0,Capital Goods,Electrical Products
INUV,"Inuvo, Inc",1.33,43026704.98,,,Consumer Services,Advertising
VKI,Invesco Advantage Municipal Income Trust II,10.81,479872666.31,,,,
ISR,"IsoRay, Inc.",0.3975,26764130.9325,,,Health Care,Medical/Dental Instruments
ISDR,Issuer Direct Corporation,12.73,48765294.74,,,Miscellaneous,Publishing
ITP,"IT Tech Packaging, Inc.",1.24,27307671.84,,,Consumer Durables,Containers/Packaging
KIQ,Kelso Technologies Inc,0.8999,42448360.3914,,,Capital Goods,Railroads
LTS,Ladenburg Thalmann Financial Services Inc,3.25,483276241.5,,,Finance,Investment Bankers/Brokers/Service
LTS^A,Ladenburg Thalmann Financial Services Inc,24.98,0.0,,,,
LTSK,Ladenburg Thalmann Financial Services Inc,24.5991,0.0,,2018.0,Finance,Investment Bankers/Brokers/Service
LTSL,Ladenburg Thalmann Financial Services Inc,23.3,0.0,,2017.0,Finance,Investment Bankers/Brokers/Service
LTSF,Ladenburg Thalmann Financial Services Inc.,24.0187,0.0,,2018.0,Finance,Investment Bankers/Brokers/Service
LEVB,"Level Brands, Inc.",4.2,42715495.2,,2017.0,Consumer Non-Durables,Package Goods/Cosmetics
LGL,"LGL Group, Inc. (The)",6.95,33576687.1,,,Capital Goods,Industrial Machinery/Components
LBY,"Libbey, Inc.",2.65,59024955.2,,1993.0,Capital Goods,Industrial Machinery/Components
LLEX,"Lilis Energy, Inc.",1.3,92946072.7,,,Energy,Oil & Gas Production
LIQT,"LiqTech International, Inc.",7.91,144512108.86,,,Technology,Industrial Machinery/Components
MAG,MAG Silver Corporation,10.34,884478181.84,,,Basic Industries,Precious Metals
MHH,"Mastech Digital, Inc",6.035,66390709.11,,,Consumer Services,Professional Services
MTNB,"Matinas Biopharma Holdings, Inc.",1.02,145796378.52,,2017.0,Health Care,Major Pharmaceuticals
MNI,McClatchy Company (The),3.95,21569437.15,,1988.0,Consumer Services,Newspapers/Magazines
IPB,"Merrill Lynch & Co., Inc. 6.0518% Index Plus Trust Certificate",26.8185,0.0,,,Finance,Finance: Consumer Services
MXC,Mexco Energy Corporation,5.27,10751674.82,,,Energy,Oil & Gas Production
CCA,MFS California Insured Municipal Trust,11.59,32292927.25,,1999.0,,
MICR,"Micron Solutions, Inc.",2.77,7956016.16,,,Health Care,Biotechnology: Electromedical & Electrotherapeutic Apparatus
MLSS,"Milestone Scientific, Inc.",0.3519,14377127.867999999,,2015.0,Health Care,Industrial Specialties
MYO,Myomo Inc.,1.19,20329620.85,,2017.0,Health Care,Industrial Specialties
NNVC,"NanoViricides, Inc.",0.295,20502795.0,,,Health Care,Biotechnology: Commercial Physical & Biological Resarch
ATEST,NASDAQ TEST STOCK,25.0,0.0,,,,
ATEST.A,NASDAQ TEST STOCK,,0.0,,,,
ATEST.B,NASDAQ TEST STOCK,,0.0,,,,
ATEST.C,NASDAQ TEST STOCK,,0.0,,,,
NHC,National HealthCare Corporation,74.83,1145197571.7,,,Health Care,Hospital/Nursing Management
NAVB,"Navidea Biopharmaceuticals, Inc.",0.175,35183372.525,,,Health Care,Biotechnology: In Vitro & In Vivo Diagnostic Substances
NTIP,"Network-1 Technologies, Inc.",2.5,59427672.5,,,Miscellaneous,Multi-Sector Companies
NBW,Neuberger Berman California Municipal Fund Inc,13.27,73661770.0,,2002.0,,
NHS,Neuberger Berman High Yield Strategies Fund,11.65,227647815.25,,,,
NML,Neuberger Berman MLP Income Fund Inc.,8.05,456104370.4,,2013.0,,
NBH,Neuberger Berman Municipal Fund Inc.,14.33,269461320.0,,2002.0,,
NBO,Neuberger Berman New York Municipal Fund Inc.,12.25,62193250.0,,2002.0,,
NRO,"Neuberger Berman Real Estate Securities Income Fund, Inc.",4.985,236387054.95,,2003.0,,
UWN,"Nevada Gold & Casinos, Inc.",2.47,43881456.84,,,Consumer Services,Services-Misc. Amusement & Recreation
GBR,"New Concept Energy, Inc",2.39,12265322.26,,,Energy,Oil & Gas Production
NEN,New England Realty Associates Limited Partnership,63.935,235245891.49,,,Consumer Services,Building operators
NGD,New Gold Inc.,0.9301,538635132.1591,,,Basic Industries,Precious Metals
NXE,Nexgen Energy Ltd.,1.79,629803257.05,,,Basic Industries,Precious Metals
HLTH,Nobilis Health Corp.,0.28,21910131.32,,2015.0,Health Care,Hospital/Nursing Management
NAK,"Northern Dynasty Minerals, Ltd.",0.602,208070875.16599998,,,Basic Industries,Precious Metals
NOG,"Northern Oil and Gas, Inc.",2.67,1006545779.46,,,Energy,Oil & Gas Production
NBY,"NovaBay Pharmaceuticals, Inc.",1.09,18790841.36,,2007.0,Health Care,Major Pharmaceuticals
NG,Novagold Resources Inc.,4.37,1421310183.85,,,Basic Industries,Precious Metals
NRCG,NRC Group Holdings Corp.,8.12,299648657.28,,2017.0,Basic Industries,Environmental Services
NRCG.WS,NRC Group Holdings Corp.,,0.0,,,,
NTN,"NTN Buzztime, Inc.",3.9789999999999996,11448299.22,,,Consumer Services,Broadcasting
NES,"Nuverra Environmental Solutions, Inc.",8.97,140066379.57,,2017.0,Energy,Oilfield Services/Equipment
OCX,OncoCyte Corporation,4.5,233877735.0,,2015.0,Health Care,Biotechnology: In Vitro & In Vivo Diagnostic Substances
OGEN,Oragenics Inc.,0.5663,26113397.1889,,,Health Care,Major Pharmaceuticals
PCG^A,Pacific Gas & Electric Co.,23.67,0.0,,,,
PCG^B,Pacific Gas & Electric Co.,21.01,0.0,,,,
PCG^C,Pacific Gas & Electric Co.,18.9,0.0,,,,
PCG^D,Pacific Gas & Electric Co.,19.012,0.0,,,,
PCG^E,Pacific Gas & Electric Co.,18.8,0.0,,,,
PCG^G,Pacific Gas & Electric Co.,18.88,0.0,,,,
PCG^H,Pacific Gas & Electric Co.,18.098,0.0,,,,
PCG^I,Pacific Gas & Electric Co.,17.25,0.0,,,,
PTN,"Palatin Technologies, Inc.",1.18,239614846.22,,,Health Care,Major Pharmaceuticals
PZG,Paramount Gold Nevada Corp.,0.8633,22894676.2882,,2015.0,Basic Industries,Precious Metals
PRK,Park National Corporation,94.59,1572950541.78,,,Finance,Major Banks
PED,Pedevco Corp.,2.59,117298064.52,,,Energy,Oil & Gas Production
PFNX,Pfenex Inc.,6.55,206228053.45,,2014.0,Health Care,Major Pharmaceuticals
HNW,Pioneer Diversified High Income Trust,14.41,120075503.9,,2007.0,,
PLAG,Planet Green Holdings Corp,4.25,18653.25,,,Consumer Non-Durables,Packaged Foods
PLG,Platinum Group Metals Ltd.,1.88,61656275.08,,,Basic Industries,Precious Metals
PLYM,"Plymouth Industrial REIT, Inc.",16.9,81983049.2,,2017.0,Consumer Services,Real Estate Investment Trusts
PLYM^A,"Plymouth Industrial REIT, Inc.",25.2,0.0,,,,
PLM,Polymet Mining Corp.,0.51,164300510.13,,,Basic Industries,Precious Metals
PW,Power REIT,5.84,10921611.76,,,Consumer Services,Real Estate Investment Trusts
PW^A,Power REIT,25.03,0.0,,,,
PLX,"Protalix BioTherapeutics, Inc.",0.4485,66549461.1015,,,Health Care,Biotechnology: Biological Products (No Diagnostic Substances)
RLGT,"Radiant Logistics, Inc.",6.27,310434897.96,,,Transportation,Oil Refining/Marketing
RFL,"Rafael Holdings, Inc.",14.15,197042796.9,,2018.0,Finance,Real Estate
UTG,Reaves Utility Income Fund,34.01,1655266734.01,,2004.0,,
REED,"Reeds, Inc.",3.14,105178372.58,,,Consumer Non-Durables,Beverages (Production/Distribution)
RHE,"Regional Health Properties, Inc.",1.13,1900965.1,,2017.0,Health Care,Hospital/Nursing Management
RHE^A,"Regional Health Properties, Inc.",3.65,0.0,,,,
RCG,"RENN Fund, Inc.",1.455,8660095.98,,,,
RVP,"Retractable Technologies, Inc.",0.741,24205842.414,,,Health Care,Medical/Dental Instruments
RNN,"Rexahn Pharmaceuticals, Inc.",0.58,28004137.1,,,Health Care,Major Pharmaceuticals
REI,"Ring Energy, Inc.",5.68,359144752.8,,,Energy,Oil & Gas Production
RIF,RMR Real Estate Income Fund,18.61,189859387.49,,,,
SACH,Sachem Capital Corp.,4.55,72573664.8,,2017.0,Consumer Services,Real Estate Investment Trusts
SNMP,Sanchez Midstream Partners LP,2.41,42088999.15,,,Energy,Oil & Gas Production
SAND          ,Sandstorm Gold Ltd,5.62,1009516413.1,,,Basic Industries,Precious Metals
SEB,Seaboard Corporation,4299.99,5019369727.02,,1996.0,Finance,Investment Bankers/Brokers/Service
SENS,"Senseonics Holdings, Inc.",2.03,359225525.61,,,Capital Goods,Industrial Machinery/Components
SVT,"Servotronics, Inc.",13.26,34118563.44,,,Capital Goods,Industrial Machinery/Components
SMTS,Sierra Metals Inc.,1.5599,254867729.1577,,,Basic Industries,Precious Metals
SIF,"SIFCO Industries, Inc.",2.8342,16257265.9568,,,Capital Goods,Aerospace
SVM,Silvercorp Metals Inc.,2.52,427627972.8,,,Basic Industries,Precious Metals
SILV,SilverCrest Metals Inc.,3.43,292919653.88,,2018.0,Basic Industries,Precious Metals
XPL,Solitario Zinc Corp.,0.39,22682680.02,,,Basic Industries,Precious Metals
SCE^B,Southern California Edison Company,18.75,0.0,,,,
SCE^C,Southern California Edison Company,19.69,0.0,,,,
SCE^D,Southern California Edison Company,19.7,0.0,,,,
SCE^E,Southern California Edison Company,22.320999999999998,0.0,,,,
SGB,Southwest Georgia Financial Corporation,21.0,53461296.0,,,Finance,Major Banks
LOV,"Spark Networks, Inc.",14.3754,186707263.938,,2017.0,Consumer Services,Other Consumer Services
SRCI,SRC Energy Inc.,6.13,1491535208.38,,,Energy,Oil & Gas Production
SDI,Standard Diversified Inc.,17.0,286531566.0,,,Consumer Non-Durables,Tobacco
SSY,"SunLink Health Systems, Inc.",1.56,10899493.8,,,Health Care,Hospital/Nursing Management
SDPI,"Superior Drilling Products, Inc.",1.27,31772984.46,,2014.0,Energy,Metal Fabrications
SYN,"Synthetic Biologics, Inc",0.65,10064867.15,,,Health Care,Major Pharmaceuticals
TKAT,"Takung Art Co., Ltd.",0.92,10327943.0,,,Consumer Services,Other Specialty Stores
TALO.WS,"Talos Energy, Inc.",,0.0,,,,
TRX,Tanzanian Royalty Exploration Corporation,0.7544,101530420.8152,,,Basic Industries,Precious Metals
TGB,Taseko Mines Limited,0.589,144735687.991,,,Basic Industries,Precious Metals
TGC,"Tengasco, Inc.",1.09,11602234.68,,,Energy,Oil & Gas Production
GLU,The Gabelli Global Utility and Income Trust,18.35,98527132.1,,2004.0,,
GLU^A,The Gabelli Global Utility and Income Trust,47.7,0.0,,,,
GLU^B,The Gabelli Global Utility and Income Trust,52.24,0.0,,,,
GGO,The Gabelli Go Anywhere Trust,17.0,27415084.0,,2016.0,,
GGO^A,The Gabelli Go Anywhere Trust,41.2801,0.0,,,,
TDW.WS,Tidewater Inc.,,0.0,,,,
TMP,Tompkins Financial Corporation,79.26,1214045314.26,,,Finance,Major Banks
TAT,Transatlantic Petroleum Ltd,0.845,44359682.77,,,Energy,Oil & Gas Production
TRXC,"TransEnterix, Inc.",2.5,542601687.5,,,Health Care,Medical/Dental Instruments
TMQ,Trilogy Metals Inc.,2.52,332746704.36,,,Basic Industries,Precious Metals
TPHS,Trinity Place Holdings Inc.,4.47,142336314.72,,,Consumer Services,Building operators
TRT,Trio-Tech International,3.29,12084350.95,,,Technology,Industrial Machinery/Components
UFAB,"Unique Fabricating, Inc.",4.1,40094502.7,,2015.0,Capital Goods,Auto Parts:O.E.M.
UAMY,United States Antimony Corporation,0.53,36266400.63,,,Capital Goods,Metal Fabrications
UUU,"Universal Security Instruments, Inc.",1.33,3076139.71,,,Consumer Non-Durables,Electronic Components
UQM,UQM Technologies Inc.,1.65,92766610.2,,,Capital Goods,Industrial Machinery/Components
URG,Ur Energy Inc,0.9497,151695014.0291,,,Basic Industries,Precious Metals
UEC,Uranium Energy Corp.,1.56,281638484.4,,,Basic Industries,Precious Metals
VHC,VirnetX Holding Corp,6.47,440503486.47,,,Miscellaneous,Multi-Sector Companies
VGZ,Vista Gold Corporation,0.6859999999999999,68903600.27600001,,,Basic Industries,Precious Metals
VNRX,VolitionRX Limited,3.29,124408030.39,,2015.0,Health Care,Biotechnology: In Vitro & In Vivo Diagnostic Substances
VISI,"Volt Information Sciences, Inc.",4.8,101716944.0,,,Technology,Professional Services
EAD,Wells Fargo Income Opportunities Fund,8.01,539530202.79,,2003.0,,
ERC,Wells Fargo Multi-Sector Income Fund,12.37,390180737.37,,2003.0,,
ERH,Wells Fargo Utilities and High Income Fund,12.95,119826531.3,,2004.0,,
WRN,Western Copper and Gold Corporation,0.5886,59350892.9886,,2011.0,Basic Industries,Precious Metals
WYY,WidePoint Corporation,0.4446,37396393.4916,,,Technology,EDP Services
WTT,"Wireless Telecom Group,  Inc.",1.55,33015390.6,,,Capital Goods,Electrical Products
XTNT,"Xtant Medical Holdings, Inc.",3.08,40538226.96,,,Health Care,Biotechnology: Biological Products (No Diagnostic Substances)
YUMA,"Yuma Energy, Inc.",0.235,5443343.775,,,Energy,Oil & Gas Production
ZDGE,"Zedge, Inc.",1.91,18763769.33,,2016.0,Technology,Computer Software: Prepackaged Software
ZOM,Zomedica Pharmaceuticals Corp.,0.33,35652671.34,,2017.0,Health Care,Major Pharmaceuticals
